{"cameraMode":{"drawMode":0,"name":"Shaded","section":"Shading Mode"},"sceneLighting":true,"audioPlay":false,"sceneViewState":{"m_AlwaysRefresh":false,"showFog":true,"showSkybox":true,"showFlares":true,"showImageEffects":true,"showParticleSystems":true,"showVisualEffectGraphs":true,"m_FxEnabled":true},"in2DMode":false,"pivot":{"x":0.48095470666885378,"y":2.165524959564209,"z":-2.7602956295013429},"rotation":{"x":0.24016954004764558,"y":0.034646641463041309,"z":-0.008577276021242142,"w":0.9700765013694763},"size":0.5660253763198853,"orthographic":false}